Workbook

Sheet Alternativ 1
A1: Prosjekt | D1: Ordre nr | E1: Anlegg/Bygg/Område | U1: Revisjons dato:
A2: BioSort AS Renrom
A3: Utført av: | D3: Utført dato: | E3: Notater:
A5: Kontroll utført av: | D5: Kontroll dato:
A8: Gererelle opplysninger og forutsetninger:
A9: A | B9: 3.6 | C9: m3/h/m2 | D9: Ventilasjon for materialer | E9: TEK17 | G9: Frisklufttilførselen beregnes med utgangspunkt i verdiene A + B eller C. N.B Verdien C overskriver A+B i kalkylen | P9: VAV
A10: B | B10: 26 | C10: m3/h/pers. | D10: Ventilasjon for pers | E10: TEK17 | P10: Min
A11: C | C11: [m³/h] | D11: Ventilasjon for prosesser | E11: TEK17 | P11: 0.2
F13: Luftmengde minimum TEK17 | I13: Luftmengd kravspek | J13: Foreløpig luftmengde | L13: Valgt Tilluft | M13: Valgt Avtrekk | N13: Systemnr. | O13: VAV | P13: VAV | Q13: CAV | R13: Kontroll (Tilluft) | S13: Kjøleeffekt
A14: Plan | B14: Romnr. | C14: Areal | D14: Romnavn / Funksjon | E14: Person | F14: A | G14: B | H14: C | J14: TEK 17 | K14: Kravspek | O14: Maks | P14: Min | Q14: Konstant | S14: Ttilluft | T14: 18 | U14: Kommentar
C15: [m²] | E15: [Stk.] | F15: [m3/h/m2] | G15: [m3/h/pers] | H15: [m³/h] | I15: [m3/hm2] | J15: [m3/h] | K15: [m3/h] | L15: [m3/h] | M15: [m3/h] | O15: [m3/h] | P15: [m3/h] | Q15: [m3/h] | R15: [m3/h/m2] | S15: Tavtrekk | T15: 26
B16: 1 | F16: =$B$9 -> 3.6 | G16: =$B$10 -> 26 | J16: =IF(H16>0,H16,((C16*F16)+(E16*G16))) -> 0 | K16: =IF(AND(C16>0,I16>0),C16*I16,"") | M16: =L16 -> 0 | P16: =O16*$P$11 -> 0 | R16: =IF(AND(L16>0,C16>0),L16/C16,"") | T16: =IFERROR((L16/3600)*1.205*1.005*($T$15-$T$14)*1000,0) -> 0 | U16: ISO 8 (12 luftskift) 60m2 (2,4m)
B17: 2 | F17: =$B$9 -> 3.6 | G17: =$B$10 -> 26 | J17: =IF(H17>0,H17,((C17*F17)+(E17*G17))) -> 0 | K17: =IF(AND(C17>0,I17>0),C17*I17,"") | M17: =L17 -> 0 | P17: =O17*$P$11 -> 0 | R17: =IF(AND(L17>0,C17>0),L17/C17,"") | T17: =IFERROR((L17/3600)*1.205*1.005*($T$15-$T$14)*1000,0) -> 0 | U17: ISO 8 (12 luftskift) 244m2 (2,7m)
B18: 3 | F18: =$B$9 -> 3.6 | G18: =$B$10 -> 26 | J18: =IF(H18>0,H18,((C18*F18)+(E18*G18))) -> 0 | K18: =IF(AND(C18>0,I18>0),C18*I18,"") | M18: =L18 -> 0 | P18: =O18*$P$11 -> 0 | R18: =IF(AND(L18>0,C18>0),L18/C18,"") | T18: =IFERROR((L18/3600)*1.205*1.005*($T$15-$T$14)*1000,0) -> 0
B19: 4 | F19: =$B$9 -> 3.6 | G19: =$B$10 -> 26 | J19: =IF(H19>0,H19,((C19*F19)+(E19*G19))) -> 0 | K19: =IF(AND(C19>0,I19>0),C19*I19,"") | M19: =L19 -> 0 | P19: =O19*$P$11 -> 0 | R19: =IF(AND(L19>0,C19>0),L19/C19,"") | T19: =IFERROR((L19/3600)*1.205*1.005*($T$15-$T$14)*1000,0) -> 0
B20: 6 | F20: =$B$9 -> 3.6 | G20: =$B$10 -> 26 | J20: =IF(H20>0,H20,((C20*F20)+(E20*G20))) -> 0 | K20: =IF(AND(C20>0,I20>0),C20*I20,"") | M20: =L20 -> 0 | P20: =O20*$P$11 -> 0 | R20: =IF(AND(L20>0,C20>0),L20/C20,"") | T20: =IFERROR((L20/3600)*1.205*1.005*($T$15-$T$14)*1000,0) -> 0
A21: Sum/ Snitt | C21: =SUBTOTAL(9,C16:C20) -> 0 | E21: =SUBTOTAL(9,E16:E20) -> 0 | G21: =AVERAGE(G16:G20) -> 26 | I21: =IFERROR(AVERAGE(I16:I20),0) -> 0 | J21: =+SUBTOTAL(9,J16:J20) -> 0 | K21: =+SUBTOTAL(9,K16:K20) -> 0 | L21: =+SUBTOTAL(9,L16:L20) -> 0 | M21: =SUBTOTAL(9,M16:M20) -> 0 | P21: =SUBTOTAL(9,P16:P20) -> 0 | R21: =IFERROR(AVERAGE(R16:R20),0) -> 0

Sheet Alternativ 2
A1: Prosjekt | D1: Ordre nr | E1: Anlegg/Bygg/Område | U1: Revisjons dato:
A2: Hystar Cleanroom Gigafactory
A3: Utført av: | D3: Utført dato: | E3: Notater:
A5: Kontroll utført av: | D5: Kontroll dato:
A8: Gererelle opplysninger og forutsetninger:
A9: A | B9: 3.6 | C9: m3/h/m2 | D9: Ventilasjon for materialer | E9: TEK17 | G9: Frisklufttilførselen beregnes med utgangspunkt i verdiene A + B eller C. N.B Verdien C overskriver A+B i kalkylen | P9: VAV
A10: B | B10: 26 | C10: m3/h/pers. | D10: Ventilasjon for pers | E10: TEK17 | P10: Min
A11: C | C11: [m³/h] | D11: Ventilasjon for prosesser | E11: TEK17 | P11: 0.2
F13: Luftmengde minimum TEK17 | I13: Luftmengd kravspek | J13: Foreløpig luftmengde | L13: Valgt Tilluft | M13: Valgt Avtrekk | N13: Systemnr. | O13: VAV | P13: VAV | Q13: CAV | R13: Kontroll (Tilluft) | S13: Kjøleeffekt
A14: Plan | B14: Romnr. | C14: Areal | D14: Romnavn / Funksjon | E14: Person | F14: A | G14: B | H14: C | J14: TEK 17 | K14: Kravspek | O14: Maks | P14: Min | Q14: Konstant | S14: Ttilluft | T14: 18 | U14: Kommentar
C15: [m²] | E15: [Stk.] | F15: [m3/h/m2] | G15: [m3/h/pers] | H15: [m³/h] | I15: [m3/hm2] | J15: [m3/h] | K15: [m3/h] | L15: [m3/h] | M15: [m3/h] | O15: [m3/h] | P15: [m3/h] | Q15: [m3/h] | R15: [m3/h/m2] | S15: Tavtrekk | T15: 26
B16: 1 | E16: 5 | F16: =$B$9 -> 3.6 | G16: =$B$10 -> 26 | J16: =IF(H16>0,H16,((C16*F16)+(E16*G16))) -> 130 | K16: =IF(AND(C16>0,I16>0),C16*I16,"") | L16: 34221 | M16: =L16 -> 34221 | P16: =O16*$P$11 -> 0 | R16: =IF(AND(L16>0,C16>0),L16/C16,"") | T16: =IFERROR((L16/3600)*1.205*1.005*($T$15-$T$14)*1000,0) -> 92094.414 | U16: ISO 7 (30 luftskift) 181 m2 (4,1m),12,4m2(3,6m), 136m2(2,6m)
B17: 2 | F17: =$B$9 -> 3.6 | G17: =$B$10 -> 26 | J17: =IF(H17>0,H17,((C17*F17)+(E17*G17))) -> 0 | K17: =IF(AND(C17>0,I17>0),C17*I17,"") | L17: 858 | M17: =L17 -> 858 | O17: 343 | P17: =O17*$P$11 -> 68.6 | R17: =IF(AND(L17>0,C17>0),L17/C17,"") | T17: =IFERROR((L17/3600)*1.205*1.005*($T$15-$T$14)*1000,0) -> 2309.021 | U17: 30 luftskift (12 luftskift i gult.
B18: 3 | F18: =$B$9 -> 3.6 | G18: =$B$10 -> 26 | J18: =IF(H18>0,H18,((C18*F18)+(E18*G18))) -> 0 | K18: =IF(AND(C18>0,I18>0),C18*I18,"") | L18: 491.4 | M18: =L18 -> 491.4 | O18: 197 | P18: =O18*$P$11 -> 39.4 | R18: =IF(AND(L18>0,C18>0),L18/C18,"") | T18: =IFERROR((L18/3600)*1.205*1.005*($T$15-$T$14)*1000,0) -> 1322.4393 | U18: 30 luftskift (12 luftskift i gult.
B19: 4 | F19: =$B$9 -> 3.6 | G19: =$B$10 -> 26 | J19: =IF(H19>0,H19,((C19*F19)+(E19*G19))) -> 0 | K19: =IF(AND(C19>0,I19>0),C19*I19,"") | L19: 615.6 | M19: =L19 -> 615.6 | O19: 243 | P19: =O19*$P$11 -> 48.6 | R19: =IF(AND(L19>0,C19>0),L19/C19,"") | T19: =IFERROR((L19/3600)*1.205*1.005*($T$15-$T$14)*1000,0) -> 1656.6822 | U19: 30 luftskift (12 luftskift i gult.
B20: 6 | F20: =$B$9 -> 3.6 | G20: =$B$10 -> 26 | J20: =IF(H20>0,H20,((C20*F20)+(E20*G20))) -> 0 | K20: =IF(AND(C20>0,I20>0),C20*I20,"") | L20: 1709.7 | M20: =L20 -> 1709.7 | O20: 684 | P20: =O20*$P$11 -> 136.8 | R20: =IF(AND(L20>0,C20>0),L20/C20,"") | T20: =IFERROR((L20/3600)*1.205*1.005*($T$15-$T$14)*1000,0) -> 4601.0877 | U20: 30 luftskift (12 luftskift i gult.
A21: Sum/ Snitt | C21: =SUBTOTAL(9,C16:C20) -> 0 | E21: =SUBTOTAL(9,E16:E20) -> 5 | G21: =AVERAGE(G16:G20) -> 26 | I21: =IFERROR(AVERAGE(I16:I20),0) -> 0 | J21: =+SUBTOTAL(9,J16:J20) -> 130 | K21: =+SUBTOTAL(9,K16:K20) -> 0 | L21: =+SUBTOTAL(9,L16:L20) -> 37895.7 | M21: =SUBTOTAL(9,M16:M20) -> 37895.7 | P21: =SUBTOTAL(9,P16:P20) -> 293.4 | R21: =IFERROR(AVERAGE(R16:R20),0) -> 0

Sheet Sum Ventilasjonssystem
A1: ='Alternativ 2'!A1 -> Prosjekt | B1: ='Alternativ 2'!B1 -> 0 | C1: ='Alternativ 2'!C1 -> 0 | D1: ='Alternativ 2'!D1 -> Ordre nr | E1: ='Alternativ 2'!E1 -> Anlegg/Bygg/Område | U1: ='Alternativ 2'!U1 -> Revisjons dato:
A2: ='Alternativ 2'!A2 -> Hystar Cleanroom Gigafactory | D2: ='Alternativ 2'!D2 -> 0 | E2: ='Alternativ 2'!E2 -> 0 | U2: ='Alternativ 2'!U2 -> 0
A3: ='Alternativ 2'!A3 -> Utført av: | D3: ='Alternativ 2'!D3 -> Utført dato: | E3: ='Alternativ 2'!E3 -> Notater: | F3: ='Alternativ 2'!F3 -> 0 | G3: ='Alternativ 2'!G3 -> 0 | H3: ='Alternativ 2'!H3 -> 0 | I3: ='Alternativ 2'!I3 -> 0 | J3: ='Alternativ 2'!J3 -> 0 | K3: ='Alternativ 2'!K3 -> 0 | ... U3: ='Alternativ 2'!U3 -> 0
A4: ='Alternativ 2'!A4 -> 0 | D4: ='Alternativ 2'!D4 -> 0 | E4: ='Alternativ 2'!E4 -> 0
A5: ='Alternativ 2'!A5 -> Kontroll utført av: | D5: ='Alternativ 2'!D5 -> Kontroll dato:
A6: ='Alternativ 2'!A6 -> 0 | D6: ='Alternativ 2'!D6 -> 0
C9: SUM pr Ventilasjonssystem
C10: Sys.nr | D10: Betjener | I10: Tilluft | J10: Avtrekk | L10: VAV - Min | M10: CAV-Konstant
C11: 360.001 | I11: =SUMIF('Alternativ 2'!N$16:N$20,C11,'Alternativ 2'!L$16:L$20) -> 0 | J11: =SUMIF('Alternativ 2'!N$16:N$20,C11,'Alternativ 2'!M$16:M$20) -> 0 | L11: =SUMIF('Alternativ 2'!N$16:N$20,C11,'Alternativ 2'!P$16:P$20) -> 0 | M11: =SUMIF('Alternativ 2'!N$16:N$20,C11,'Alternativ 2'!Q$16:Q$20) -> 0
C12: 360.002 | I12: =SUMIF('Alternativ 2'!N16:N20,C12,'Alternativ 2'!L16:L20) -> 0 | J12: =SUMIF('Alternativ 2'!N$16:N$20,C12,'Alternativ 2'!M$16:M$20) -> 0 | L12: =SUMIF('Alternativ 2'!N$16:N$20,C12,'Alternativ 2'!P$16:P$20) -> 0 | M12: =SUMIF('Alternativ 2'!N$16:N$20,C12,'Alternativ 2'!Q$16:Q$20) -> 0
C13: 360.003 | I13: =SUMIF('Alternativ 2'!N16:N20,C13,'Alternativ 2'!L16:L20) -> 0 | J13: =SUMIF('Alternativ 2'!N$16:N$20,C13,'Alternativ 2'!M$16:M$20) -> 0 | L13: =SUMIF('Alternativ 2'!N$16:N$20,C13,'Alternativ 2'!P$16:P$20) -> 0 | M13: =SUMIF('Alternativ 2'!N$16:N$20,C13,'Alternativ 2'!Q$16:Q$20) -> 0
C14: 360.004 | I14: =SUMIF('Alternativ 2'!N16:N20,C14,'Alternativ 2'!L16:L20) -> 0 | J14: =SUMIF('Alternativ 2'!N$16:N$20,C14,'Alternativ 2'!M$16:M$20) -> 0 | L14: =SUMIF('Alternativ 2'!N$16:N$20,C14,'Alternativ 2'!P$16:P$20) -> 0 | M14: =SUMIF('Alternativ 2'!N$16:N$20,C14,'Alternativ 2'!Q$16:Q$20) -> 0
C15: 360.005 | I15: =SUMIF('Alternativ 2'!N17:N20,C15,'Alternativ 2'!L16:L20) -> 0 | J15: =SUMIF('Alternativ 2'!N$16:N$20,C15,'Alternativ 2'!M$16:M$20) -> 0 | L15: =SUMIF('Alternativ 2'!N$16:N$20,C15,'Alternativ 2'!P$16:P$20) -> 0 | M15: =SUMIF('Alternativ 2'!N$16:N$20,C15,'Alternativ 2'!Q$16:Q$20) -> 0
C16: 360.006 | I16: =SUMIF('Alternativ 2'!N17:N20,C16,'Alternativ 2'!L16:L20) -> 0 | J16: =SUMIF('Alternativ 2'!N$16:N$20,C16,'Alternativ 2'!M$16:M$20) -> 0 | L16: =SUMIF('Alternativ 2'!N$16:N$20,C16,'Alternativ 2'!P$16:P$20) -> 0 | M16: =SUMIF('Alternativ 2'!N$16:N$20,C16,'Alternativ 2'!Q$16:Q$20) -> 0
C17: 360.007 | I17: =SUMIF('Alternativ 2'!N19:N22,C17,'Alternativ 2'!L16:L20) -> 0 | J17: =SUMIF('Alternativ 2'!N$16:N$20,C17,'Alternativ 2'!M$16:M$20) -> 0 | L17: =SUMIF('Alternativ 2'!N$16:N$20,C17,'Alternativ 2'!P$16:P$20) -> 0 | M17: =SUMIF('Alternativ 2'!N$16:N$20,C17,'Alternativ 2'!Q$16:Q$20) -> 0
C18: 360.008 | I18: =SUMIF('Alternativ 2'!N17:N20,C18,'Alternativ 2'!L16:L20) -> 0 | J18: =SUMIF('Alternativ 2'!N$16:N$20,C18,'Alternativ 2'!M$16:M$20) -> 0 | L18: =SUMIF('Alternativ 2'!N$16:N$20,C18,'Alternativ 2'!P$16:P$20) -> 0 | M18: =SUMIF('Alternativ 2'!N$16:N$20,C18,'Alternativ 2'!Q$16:Q$20) -> 0
C19: 360.009 | I19: =SUMIF('Alternativ 2'!N17:N20,C19,'Alternativ 2'!L16:L20) -> 0 | J19: =SUMIF('Alternativ 2'!N$16:N$20,C19,'Alternativ 2'!M$16:M$20) -> 0 | L19: =SUMIF('Alternativ 2'!N$16:N$20,C19,'Alternativ 2'!P$16:P$20) -> 0 | M19: =SUMIF('Alternativ 2'!N$16:N$20,C19,'Alternativ 2'!Q$16:Q$20) -> 0
C20: 360.010 | I20: =SUMIF('Alternativ 2'!N17:N20,C20,'Alternativ 2'!L16:L20) -> 0 | J20: =SUMIF('Alternativ 2'!N$16:N$20,C20,'Alternativ 2'!M$16:M$20) -> 0 | L20: =SUMIF('Alternativ 2'!N$16:N$20,C20,'Alternativ 2'!P$16:P$20) -> 0 | M20: =SUMIF('Alternativ 2'!N$16:N$20,C20,'Alternativ 2'!Q$16:Q$20) -> 0
D21: SUM | I21: =+SUM(I11:I20) -> 0 | J21: =+SUM(J11:J20) -> 0 | L21: =+SUM(L11:L20) -> 0 | M21: =+SUM(M11:M20) -> 0
